{
    "test": {
        "app": {
            "E": [
                [
                    30,
                    0.9095232978070102
                ]
            ],
            "racc": [
                [
                    30,
                    0.9095232978070102
                ]
            ],
            "r2": [
                [
                    30,
                    0.41558737681902913
                ]
            ]
        }
    }
}