E,racc,r2
0.9095232978070102,0.9095232978070102,0.41558737681902913
