{
    "train_epoch_times_sec": [
        3397.166394,
        3509.205991,
        3589.972689,
        3622.625496,
        3633.997888,
        3652.662869,
        3636.011365,
        3669.466452,
        3659.096642,
        3624.619826,
        3340.865965,
        2760.543888,
        2791.619797,
        2918.40407,
        2795.16022,
        2790.887151,
        2753.816426,
        2786.948595,
        2770.11067,
        2993.645094,
        3135.605055,
        3128.656014,
        3120.181255,
        3135.893681,
        3149.281437,
        3126.411396,
        3145.542096,
        3166.327825,
        3159.149603,
        3153.4934
    ],
    "validation_epoch_times_sec": [
        479.641371,
        507.73778,
        473.739803,
        479.330797,
        488.881606,
        512.493144,
        512.817625,
        493.365447,
        493.025362,
        522.128207,
        302.651826,
        307.557575,
        311.707935,
        328.181857,
        309.996027,
        310.498063,
        308.666616,
        310.240462,
        306.121276,
        427.538671,
        421.429579,
        417.333771,
        418.072935,
        416.159005,
        416.350969,
        413.643137,
        416.433353,
        414.942217,
        419.747814,
        419.252496
    ],
    "total_training_time_sec": 96117.36925000002,
    "total_validation_time_sec": 12359.686725999996
}