{
    "test": {
        "app": {
            "O": [
                [
                    30,
                    0.9088517648425367
                ]
            ],
            "racc": [
                [
                    30,
                    0.9088517648425367
                ]
            ],
            "r2": [
                [
                    30,
                    0.3741129796512205
                ]
            ]
        }
    }
}