O,racc,r2
0.9088517648425367,0.9088517648425367,0.3741129796512205
