{
    "train_epoch_times_sec": [
        1166.024457,
        1197.569227,
        1197.067152,
        1206.610313,
        1118.072386,
        861.332673,
        890.695391,
        891.479504,
        891.980985,
        792.922876,
        733.286787,
        722.612467,
        669.045272,
        668.21907,
        662.165851,
        670.782813,
        660.526726,
        681.630702,
        686.960045,
        682.960653,
        666.816191,
        680.066981,
        669.539439,
        653.874969,
        662.533676,
        720.818705,
        1150.365049,
        1196.03638,
        1052.358465
    ],
    "validation_epoch_times_sec": [
        180.898568,
        175.089215,
        170.645596,
        176.807069,
        110.877621,
        108.859378,
        105.785875,
        110.813492,
        112.133145,
        87.775897,
        88.246473,
        64.836151,
        66.689903,
        69.916577,
        69.754618,
        67.338403,
        67.835235,
        71.056279,
        69.809536,
        70.05818,
        68.364229,
        67.3343,
        66.153086,
        68.141488,
        65.879595,
        101.313292,
        172.063995,
        174.55756,
        133.656038,
        164.352759
    ],
    "total_training_time_sec": null,
    "total_validation_time_sec": null
}