{
    "test": {
        "app": {
            "N": [
                [
                    30,
                    0.9078705324580272
                ]
            ],
            "racc": [
                [
                    30,
                    0.9078705324580272
                ]
            ],
            "r2": [
                [
                    30,
                    0.4162446064563172
                ]
            ]
        }
    }
}