N,racc,r2
0.9078705324580272,0.9078705324580272,0.4162446064563172
