{
    "train_epoch_times_sec": [
        301.247448,
        307.732418,
        308.939781,
        311.510275,
        311.072836,
        310.407486,
        309.155935,
        310.167564,
        309.144492,
        310.556009,
        310.483561,
        308.985337,
        310.107679,
        309.974012,
        310.250377,
        312.057742,
        309.703763,
        311.539315,
        310.873741,
        309.776936,
        311.561974,
        314.299638,
        314.357959,
        319.468361,
        316.469778,
        317.547158,
        316.7428,
        318.652198,
        313.230823,
        317.020938
    ],
    "validation_epoch_times_sec": [
        37.109484,
        36.758215,
        37.32913,
        37.637498,
        37.625986,
        37.555757,
        37.296431,
        37.480279,
        37.702934,
        37.698152,
        37.880487,
        37.620523,
        37.656721,
        37.856159,
        37.790494,
        37.888997,
        37.644447,
        37.488042,
        37.904287,
        37.871272,
        38.33682,
        37.642944,
        38.076533,
        37.865162,
        37.520012,
        38.234158,
        37.722685,
        38.479504,
        37.487089,
        38.245882
    ],
    "total_training_time_sec": 9353.038334,
    "total_validation_time_sec": 1131.4060839999995
}