{
    "test": {
        "app": {
            "O": [
                [
                    30,
                    0.9045858083872331
                ]
            ],
            "C": [
                [
                    30,
                    0.9008509996272261
                ]
            ],
            "E": [
                [
                    30,
                    0.9075692226114187
                ]
            ],
            "A": [
                [
                    30,
                    0.9046281074520487
                ]
            ],
            "N": [
                [
                    30,
                    0.9006018120677521
                ]
            ],
            "racc": [
                [
                    30,
                    0.9036471900291356
                ]
            ],
            "r2": [
                [
                    30,
                    0.3099650982066341
                ]
            ]
        }
    }
}