O,C,E,A,N,racc,r2
0.9045858083872331,0.9008509996272261,0.9075692226114187,0.9046281074520487,0.9006018120677521,0.9036471900291356,0.3099650982066341
