{
    "train_epoch_times_sec": [
        127.76888,
        130.251272,
        129.673939,
        129.984917,
        130.587663,
        130.13198,
        132.332337,
        131.491747,
        131.203673,
        131.693418,
        131.60106,
        131.54788,
        131.243514,
        130.774648,
        131.525606,
        131.994711,
        131.889042,
        131.57747,
        132.453947,
        132.322355,
        132.282476,
        132.796653,
        132.408557,
        131.264909,
        133.34288,
        132.305765,
        133.287708,
        132.975053,
        132.690011,
        132.462946
    ],
    "validation_epoch_times_sec": [
        17.608731,
        17.411831,
        17.378877,
        17.396411,
        17.748006,
        17.710153,
        17.848395,
        17.765263,
        17.505746,
        17.50013,
        17.383525,
        17.650283,
        17.551438,
        17.562946,
        17.643771,
        17.573009,
        17.537564,
        17.693512,
        17.7266,
        17.793972,
        17.854552,
        17.886231,
        17.733139,
        17.895562,
        18.012383,
        17.872891,
        18.133029,
        18.04208,
        18.147565,
        17.785255
    ],
    "total_training_time_sec": 3947.867017,
    "total_validation_time_sec": 531.35285
}