{
    "test": {
        "sentiment": {
            "acc_7": [
                [
                    30,
                    0.5084006109535238
                ]
            ],
            "acc_2": [
                [
                    30,
                    0.7412175430940432
                ]
            ],
            "f1_7": [
                [
                    30,
                    0.49595326277202123
                ]
            ],
            "f1_2": [
                [
                    30,
                    0.7366088010098104
                ]
            ],
            "mae": [
                [
                    30,
                    0.5706386122443701
                ]
            ],
            "corr": [
                [
                    30,
                    0.7378055429813217
                ]
            ]
        }
    }
}