acc_7,acc_2,f1_7,f1_2,mae,corr
0.5084006109535238,0.7412175430940432,0.49595326277202123,0.7366088010098104,0.5706386122443701,0.7378055429813217
