{
    "test": {
        "app": {
            "O": [
                [
                    30,
                    0.9006915645826195
                ]
            ],
            "C": [
                [
                    30,
                    0.899858415413684
                ]
            ],
            "E": [
                [
                    30,
                    0.8953304254768468
                ]
            ],
            "A": [
                [
                    30,
                    0.9001918134214459
                ]
            ],
            "N": [
                [
                    30,
                    0.895797391484181
                ]
            ],
            "racc": [
                [
                    30,
                    0.8983739220757554
                ]
            ],
            "r2": [
                [
                    30,
                    0.22758413401665328
                ]
            ]
        }
    }
}