O,C,E,A,N,racc,r2
0.9006915645826195,0.899858415413684,0.8953304254768468,0.9001918134214459,0.895797391484181,0.8983739220757554,0.22758413401665328
