{
    "train_epoch_times_sec": [
        200.725506,
        207.256995,
        208.150463,
        212.259105,
        214.116171,
        215.042761,
        210.8769,
        208.372923,
        210.335263,
        240.085663,
        287.323052,
        291.787308,
        287.688172,
        257.995541,
        292.664339,
        287.101363,
        285.392419,
        269.628293,
        282.78396,
        290.532471,
        287.705145,
        271.54283,
        272.046571,
        285.124812,
        290.246902,
        284.924271,
        262.730068,
        288.455791,
        282.018398,
        286.78573
    ],
    "validation_epoch_times_sec": [
        28.665798,
        25.112068,
        28.003734,
        27.792627,
        29.416345,
        28.811935,
        28.441465,
        27.120663,
        26.340978,
        43.312323,
        43.396228,
        42.956827,
        43.134117,
        43.337899,
        43.580663,
        41.899278,
        38.516308,
        36.748738,
        42.967217,
        44.209549,
        43.622582,
        39.183211,
        41.705708,
        41.10117,
        40.275145,
        37.978884,
        40.235325,
        42.417951,
        40.496786,
        39.830069
    ],
    "total_training_time_sec": 7771.699185999999,
    "total_validation_time_sec": 1120.6115909999999
}