{
    "test": {
        "app": {
            "O": [
                [
                    30,
                    0.9045171147646176
                ]
            ],
            "C": [
                [
                    30,
                    0.9019317490355772
                ]
            ],
            "E": [
                [
                    30,
                    0.9076414837124888
                ]
            ],
            "A": [
                [
                    30,
                    0.9036065449233238
                ]
            ],
            "N": [
                [
                    30,
                    0.9016054091863335
                ]
            ],
            "racc": [
                [
                    30,
                    0.9038604603244682
                ]
            ],
            "r2": [
                [
                    30,
                    0.3100502226853753
                ]
            ]
        }
    }
}