O,C,E,A,N,racc,r2
0.9045171147646176,0.9019317490355772,0.9076414837124888,0.9036065449233238,0.9016054091863335,0.9038604603244682,0.3100502226853753
