{
    "train_epoch_times_sec": [
        247.728174,
        250.986864,
        252.213501,
        252.076539,
        253.100221,
        252.519883,
        252.090077,
        253.07806,
        252.295305,
        252.480955,
        252.297373,
        252.64701,
        253.050568,
        252.659113,
        253.473768,
        252.642861,
        252.433665,
        252.517238,
        252.159403,
        252.352294,
        252.787046,
        252.62656,
        253.129604,
        252.580402,
        252.950391,
        252.79402,
        252.724168,
        252.879865,
        252.538185,
        253.040898
    ],
    "validation_epoch_times_sec": [
        34.516606,
        34.535488,
        34.606032,
        34.712571,
        34.70396,
        34.819519,
        34.609613,
        34.793511,
        34.747873,
        34.72546,
        34.724403,
        34.767319,
        34.717746,
        34.823771,
        34.787013,
        34.701265,
        34.700495,
        34.710809,
        34.686981,
        34.674657,
        34.791042,
        34.825959,
        34.954481,
        34.685276,
        34.893506,
        34.788508,
        34.80869,
        34.746935,
        34.737485,
        34.907035
    ],
    "total_training_time_sec": 7572.854011,
    "total_validation_time_sec": 1042.204009
}