{
    "test": {
        "app": {
            "A": [
                [
                    30,
                    0.90440435559933
                ]
            ],
            "racc": [
                [
                    30,
                    0.90440435559933
                ]
            ],
            "r2": [
                [
                    30,
                    0.17342709776805798
                ]
            ]
        }
    }
}