A,racc,r2
0.90440435559933,0.90440435559933,0.17342709776805798
