{
    "train_epoch_times_sec": [
        2901.728485,
        3083.015053,
        3107.719055,
        3109.561347,
        3102.06762,
        3127.191746,
        3130.155049,
        3139.020694,
        3172.220022,
        3167.473091,
        2823.638415,
        2231.042126,
        2230.306194,
        2235.499517,
        2218.464865,
        2201.321939,
        2217.043414,
        2248.114789,
        2243.390085,
        2224.929588,
        2209.486127,
        2259.460363,
        2263.940408,
        2235.274509,
        2228.793259,
        2238.494648,
        2297.624955,
        2237.685587,
        2264.584469,
        2274.713708
    ],
    "validation_epoch_times_sec": [
        434.623069,
        430.863324,
        422.933804,
        417.592938,
        406.525784,
        407.878797,
        402.643999,
        407.127372,
        407.959435,
        411.496079,
        233.084797,
        169.014586,
        169.268646,
        166.793397,
        165.586019,
        163.661216,
        163.986954,
        167.07696,
        161.96364,
        157.799859,
        159.220808,
        170.698353,
        170.604367,
        170.653298,
        167.784383,
        156.4294,
        165.208468,
        164.620797,
        187.620695,
        174.759727
    ],
    "total_training_time_sec": 76423.961127,
    "total_validation_time_sec": 7555.480971000001
}