{
    "test": {
        "app": {
            "O": [
                [
                    30,
                    0.9002216171718306
                ]
            ],
            "C": [
                [
                    30,
                    0.8989680723692607
                ]
            ],
            "E": [
                [
                    30,
                    0.8943286248902294
                ]
            ],
            "A": [
                [
                    30,
                    0.9010923873644608
                ]
            ],
            "N": [
                [
                    30,
                    0.8960232920249303
                ]
            ],
            "racc": [
                [
                    30,
                    0.8981267987641424
                ]
            ],
            "r2": [
                [
                    30,
                    0.23259819092180964
                ]
            ]
        }
    }
}