O,C,E,A,N,racc,r2
0.9002216171718306,0.8989680723692607,0.8943286248902294,0.9010923873644608,0.8960232920249303,0.8981267987641424,0.23259819092180964
