{
    "train_epoch_times_sec": [
        116.510033,
        120.402308,
        121.617123,
        123.82385,
        123.632809,
        125.047156,
        128.190392,
        128.754864,
        128.500607,
        128.635342,
        125.324947,
        127.539552,
        128.268729,
        128.521314,
        126.936151,
        124.392535,
        127.450009,
        129.082708,
        130.21262,
        130.59347,
        129.602801,
        128.687015,
        123.514604,
        127.69778,
        128.998436,
        130.966427,
        129.283181,
        122.039453,
        126.248492
    ],
    "validation_epoch_times_sec": [
        15.557311,
        15.744027,
        16.480414,
        16.655184,
        15.99706,
        16.597785,
        16.701736,
        17.129109,
        16.904426,
        16.794583,
        16.549007,
        16.524248,
        16.752107,
        16.667892,
        15.933377,
        16.864698,
        16.95571,
        16.859015,
        16.485198,
        17.157383,
        16.543269,
        15.458882,
        16.32499,
        16.944819,
        16.662059,
        16.051686,
        16.910272,
        16.910535,
        16.36937,
        16.212405
    ],
    "total_training_time_sec": null,
    "total_validation_time_sec": null
}