{
    "test": {
        "sentiment": {
            "acc_7": [
                [
                    30,
                    0.5221470652411084
                ]
            ],
            "acc_2": [
                [
                    30,
                    0.7492908575169103
                ]
            ],
            "f1_7": [
                [
                    30,
                    0.512285063419903
                ]
            ],
            "f1_2": [
                [
                    30,
                    0.7440593994949621
                ]
            ],
            "mae": [
                [
                    30,
                    0.5328957693561499
                ]
            ],
            "corr": [
                [
                    30,
                    0.7832037785659897
                ]
            ]
        }
    }
}