acc_7,acc_2,f1_7,f1_2,mae,corr
0.5221470652411084,0.7492908575169103,0.512285063419903,0.7440593994949621,0.5328957693561499,0.7832037785659897
