{
    "test": {
        "app": {
            "C": [
                [
                    30,
                    0.9082489376321471
                ]
            ],
            "racc": [
                [
                    30,
                    0.9082489376321471
                ]
            ],
            "r2": [
                [
                    30,
                    0.42412874190224603
                ]
            ]
        }
    }
}