C,racc,r2
0.9082489376321471,0.9082489376321471,0.42412874190224603
