{
    "train_epoch_times_sec": [
        318.24614,
        317.313174,
        322.38438,
        329.714764,
        332.164434,
        327.33596,
        316.938083,
        302.823444,
        285.850117,
        286.093118,
        286.466422,
        286.47045,
        285.844338,
        286.686294,
        286.60375,
        286.179009,
        286.088402,
        286.062929,
        286.016782,
        285.65838,
        286.371336,
        286.002359,
        286.363624,
        286.10059,
        285.810103,
        285.641801,
        285.44547,
        285.500989,
        285.772708
    ],
    "validation_epoch_times_sec": [
        38.393972,
        38.194341,
        38.334759,
        39.669389,
        39.218441,
        37.263348,
        37.152816,
        34.078813,
        34.112246,
        34.354952,
        34.277508,
        34.39389,
        34.176932,
        34.244225,
        34.276596,
        34.229333,
        34.359146,
        34.263056,
        34.141048,
        34.112995,
        34.200321,
        34.325498,
        34.258448,
        34.518783,
        34.136239,
        34.092803,
        34.238839,
        34.172872,
        34.457834,
        34.225887
    ],
    "total_training_time_sec": null,
    "total_validation_time_sec": null
}