{
    "test": {
        "sentiment": {
            "acc_7": [
                [
                    30,
                    0.5306567750381846
                ]
            ],
            "acc_2": [
                [
                    30,
                    0.7525638228234781
                ]
            ],
            "f1_7": [
                [
                    30,
                    0.5120345877403432
                ]
            ],
            "f1_2": [
                [
                    30,
                    0.7497012059736388
                ]
            ],
            "mae": [
                [
                    30,
                    0.5392049371228094
                ]
            ],
            "corr": [
                [
                    30,
                    0.7740223905914284
                ]
            ]
        }
    }
}