acc_7,acc_2,f1_7,f1_2,mae,corr
0.5306567750381846,0.7525638228234781,0.5120345877403432,0.7497012059736388,0.5392049371228094,0.7740223905914284
