{
    "test": {
        "app": {
            "C": [
                [
                    30,
                    0.9064731593115021
                ]
            ],
            "racc": [
                [
                    30,
                    0.9064731593115021
                ]
            ],
            "r2": [
                [
                    30,
                    0.3919583913538458
                ]
            ]
        }
    }
}