C,racc,r2
0.9064731593115021,0.9064731593115021,0.3919583913538458
