{
    "train_epoch_times_sec": [
        3414.6657,
        3515.390774,
        3615.726794,
        3633.154965,
        3643.946219,
        3661.294742,
        3639.966305,
        3674.591714,
        3668.307124,
        3641.785318,
        3335.552855,
        2760.903194,
        2793.761098,
        2914.849271,
        2803.412393,
        2784.915771,
        2770.457945,
        2780.696175,
        2775.469643,
        3002.69225,
        3146.559999,
        3129.089808,
        3114.496016,
        3141.213793,
        3142.946084,
        3130.109242,
        3153.154339,
        3180.975708,
        3162.85898
    ],
    "validation_epoch_times_sec": [
        487.486512,
        513.537296,
        490.212668,
        480.932569,
        485.098698,
        511.012205,
        505.051292,
        482.092341,
        488.397391,
        515.125101,
        295.065871,
        293.347187,
        292.39863,
        309.968167,
        294.295942,
        293.378717,
        299.36864,
        296.431714,
        300.855666,
        412.970245,
        403.678713,
        405.900443,
        398.357903,
        401.761764,
        399.703894,
        400.993428,
        401.883325,
        406.302516,
        402.056875,
        392.849558
    ],
    "total_training_time_sec": null,
    "total_validation_time_sec": null
}