{
    "test": {
        "sentiment": {
            "acc_7": [
                [
                    30,
                    0.5138555531311368
                ]
            ],
            "acc_2": [
                [
                    30,
                    0.7438359153392974
                ]
            ],
            "f1_7": [
                [
                    30,
                    0.5013203045651763
                ]
            ],
            "f1_2": [
                [
                    30,
                    0.7397213721913565
                ]
            ],
            "mae": [
                [
                    30,
                    0.5640656466199767
                ]
            ],
            "corr": [
                [
                    30,
                    0.7449352484351791
                ]
            ]
        }
    }
}