acc_7,acc_2,f1_7,f1_2,mae,corr
0.5138555531311368,0.7438359153392974,0.5013203045651763,0.7397213721913565,0.5640656466199767,0.7449352484351791
