{
    "test": {
        "app": {
            "E": [
                [
                    30,
                    0.9129017514317758
                ]
            ],
            "racc": [
                [
                    30,
                    0.9129017514317758
                ]
            ],
            "r2": [
                [
                    30,
                    0.46221226304800145
                ]
            ]
        }
    }
}