E,racc,r2
0.9129017514317758,0.9129017514317758,0.46221226304800145
