{
    "train_epoch_times_sec": [
        230.129725,
        237.438807,
        240.523454,
        240.708862,
        239.099974,
        239.822767,
        239.680201,
        241.228413,
        240.868286,
        240.72784,
        241.016321,
        242.119792,
        240.334067,
        241.092133,
        242.980143,
        242.18829,
        243.238547,
        240.789037,
        242.264398,
        242.828154,
        242.692417,
        241.886375,
        243.000405,
        242.898671,
        241.017571,
        241.816196,
        242.638861,
        240.449423,
        242.339677,
        240.908988
    ],
    "validation_epoch_times_sec": [
        29.837622,
        30.573049,
        30.843479,
        30.969657,
        30.296407,
        30.843694,
        31.139949,
        30.447327,
        31.28901,
        31.410882,
        31.068386,
        31.138953,
        31.144617,
        30.790559,
        31.007555,
        30.97952,
        31.090469,
        31.03143,
        30.980296,
        31.223256,
        31.19638,
        31.118603,
        30.958126,
        31.303527,
        29.934498,
        31.190375,
        31.219079,
        31.262631,
        31.107699,
        31.147871
    ],
    "total_training_time_sec": 7228.727795000001,
    "total_validation_time_sec": 928.5449059999999
}