{
    "test": {
        "app": {
            "A": [
                [
                    30,
                    0.9071173116877511
                ]
            ],
            "racc": [
                [
                    30,
                    0.9071173116877511
                ]
            ],
            "r2": [
                [
                    30,
                    0.23081336871030045
                ]
            ]
        }
    }
}