A,racc,r2
0.9071173116877511,0.9071173116877511,0.23081336871030045
