{
    "train_epoch_times_sec": [
        224.206609,
        228.454542,
        229.994827,
        230.220092,
        229.081305,
        229.267342,
        230.496955,
        230.329129,
        229.963014,
        229.845582,
        229.724594,
        230.172554,
        230.282611,
        230.487037,
        230.431034,
        230.528873,
        230.643854,
        230.244994,
        230.064332,
        230.521472,
        230.335967,
        230.137848,
        230.47539,
        231.071521,
        230.318483,
        229.219241,
        230.28626,
        229.984156,
        229.401053
    ],
    "validation_epoch_times_sec": [
        28.505606,
        28.476883,
        28.422551,
        28.506586,
        28.473413,
        28.434067,
        28.531489,
        28.629351,
        28.63599,
        28.572684,
        28.431982,
        28.740347,
        28.553729,
        28.711654,
        28.648494,
        28.65727,
        28.866651,
        28.670997,
        28.602589,
        28.649874,
        28.532895,
        28.593087,
        28.618271,
        28.719003,
        28.525851,
        28.579847,
        28.606391,
        28.511352,
        28.418545,
        28.736345
    ],
    "total_training_time_sec": null,
    "total_validation_time_sec": null
}