{
    "test": {
        "app": {
            "O": [
                [
                    30,
                    0.9090207745566965
                ]
            ],
            "racc": [
                [
                    30,
                    0.9090207745566965
                ]
            ],
            "r2": [
                [
                    30,
                    0.36024164119319124
                ]
            ]
        }
    }
}