O,racc,r2
0.9090207745566965,0.9090207745566965,0.36024164119319124
