{
    "train_epoch_times_sec": [
        237.565125,
        240.079559,
        240.127125,
        238.871149,
        238.839117,
        239.970541,
        238.569414,
        240.471213,
        240.670056,
        239.04255,
        240.361087,
        237.881253,
        240.036603,
        239.707303,
        239.935059,
        238.293555,
        240.479268,
        239.520499,
        239.963379,
        240.322681,
        240.033608,
        239.294427,
        240.054871,
        239.662026,
        239.970177,
        239.820638,
        240.783977,
        240.247517,
        239.540301
    ],
    "validation_epoch_times_sec": [
        30.217086,
        30.626958,
        30.019104,
        29.845175,
        30.059527,
        30.071599,
        30.397602,
        30.118989,
        29.943341,
        30.040583,
        30.003232,
        30.042867,
        29.889288,
        29.880405,
        30.052089,
        29.915876,
        30.4533,
        29.956948,
        30.238753,
        30.041825,
        29.955361,
        30.061457,
        30.126487,
        30.214906,
        30.05341,
        30.110064,
        30.2193,
        29.898503,
        29.988971,
        29.994278
    ],
    "total_training_time_sec": null,
    "total_validation_time_sec": null
}