{
    "test": {
        "app": {
            "O": [
                [
                    30,
                    0.9095820520891084
                ]
            ],
            "C": [
                [
                    30,
                    0.9067494047960104
                ]
            ],
            "E": [
                [
                    30,
                    0.9112997045849546
                ]
            ],
            "A": [
                [
                    30,
                    0.9075130251617386
                ]
            ],
            "N": [
                [
                    30,
                    0.9078539084009827
                ]
            ],
            "racc": [
                [
                    30,
                    0.908599619006559
                ]
            ],
            "r2": [
                [
                    30,
                    0.37175724574612357
                ]
            ]
        }
    }
}