O,C,E,A,N,racc,r2
0.9095820520891084,0.9067494047960104,0.9112997045849546,0.9075130251617386,0.9078539084009827,0.908599619006559,0.37175724574612357
