{
    "train_epoch_times_sec": [
        353.426834,
        358.435613,
        357.183288,
        359.789655,
        340.200219,
        314.272432,
        370.073572,
        336.696609,
        365.433558,
        365.420474,
        337.693165,
        371.291358,
        369.280986,
        365.025252,
        414.1625,
        364.845911,
        369.820799,
        366.254846,
        415.201086,
        316.985845,
        349.250859,
        367.81802,
        318.08283,
        317.783494,
        370.23529,
        368.931203,
        336.183688,
        367.467943,
        415.303735
    ],
    "validation_epoch_times_sec": [
        37.623516,
        37.725774,
        37.275158,
        37.341,
        37.21555,
        37.536394,
        37.929216,
        37.980957,
        37.853685,
        37.739332,
        37.574286,
        37.94345,
        37.637057,
        38.334812,
        37.645477,
        38.195948,
        37.877025,
        37.95949,
        37.714293,
        37.81555,
        37.734781,
        37.710596,
        38.099545,
        38.048285,
        37.786432,
        38.272561,
        38.175601,
        37.745385,
        37.33102,
        38.231003
    ],
    "total_training_time_sec": null,
    "total_validation_time_sec": null
}