{
    "test": {
        "sentiment": {
            "acc_7": [
                [
                    30,
                    0.5378572987126337
                ]
            ],
            "acc_2": [
                [
                    30,
                    0.7372899847261619
                ]
            ],
            "f1_7": [
                [
                    30,
                    0.5204192723374669
                ]
            ],
            "f1_2": [
                [
                    30,
                    0.7307140084609115
                ]
            ],
            "mae": [
                [
                    30,
                    0.5327922771594396
                ]
            ],
            "corr": [
                [
                    30,
                    0.7749138615399915
                ]
            ]
        }
    }
}