acc_7,acc_2,f1_7,f1_2,mae,corr
0.5378572987126337,0.7372899847261619,0.5204192723374669,0.7307140084609115,0.5327922771594396,0.7749138615399915
