{
    "test": {
        "sentiment": {
            "acc_7": [
                [
                    30,
                    0.52367444905084
                ]
            ],
            "acc_2": [
                [
                    30,
                    0.750818241326642
                ]
            ],
            "f1_7": [
                [
                    30,
                    0.5124585163620157
                ]
            ],
            "f1_2": [
                [
                    30,
                    0.7461386759004471
                ]
            ],
            "mae": [
                [
                    30,
                    0.5298616610704786
                ]
            ],
            "corr": [
                [
                    30,
                    0.7835523963326168
                ]
            ]
        }
    }
}