acc_7,acc_2,f1_7,f1_2,mae,corr
0.52367444905084,0.750818241326642,0.5124585163620157,0.7461386759004471,0.5298616610704786,0.7835523963326168
