{
    "test": {
        "app": {
            "O": [
                [
                    30,
                    0.9081109143043558
                ]
            ],
            "C": [
                [
                    30,
                    0.9081267069892831
                ]
            ],
            "E": [
                [
                    30,
                    0.9103827984186812
                ]
            ],
            "A": [
                [
                    30,
                    0.9066632800773605
                ]
            ],
            "N": [
                [
                    30,
                    0.908036744505167
                ]
            ],
            "racc": [
                [
                    30,
                    0.9082640888589696
                ]
            ],
            "r2": [
                [
                    30,
                    0.3692385680194592
                ]
            ]
        }
    }
}