O,C,E,A,N,racc,r2
0.9081109143043558,0.9081267069892831,0.9103827984186812,0.9066632800773605,0.908036744505167,0.9082640888589696,0.3692385680194592
