{
    "train_epoch_times_sec": [
        3461.511915,
        3561.550635,
        3673.883979,
        3678.109745,
        3687.738533,
        3695.077564,
        3673.587541,
        3700.447332,
        3700.936481,
        3674.932267,
        3322.468402,
        2808.36438,
        2826.058756,
        2951.824366,
        2852.451161,
        2855.463248,
        2813.458234,
        2850.935889,
        2851.784686,
        3140.499422,
        3213.59118,
        3188.468935,
        3194.327898,
        3198.48965,
        3197.08286,
        3201.57842,
        3207.966532,
        3218.964966,
        3220.682718
    ],
    "validation_epoch_times_sec": [
        556.499205,
        543.873134,
        530.528738,
        498.839137,
        497.512411,
        511.205144,
        492.638981,
        468.485727,
        498.114763,
        513.326421,
        282.761527,
        293.379872,
        290.661657,
        302.745607,
        315.648394,
        332.538716,
        319.047635,
        331.46003,
        329.678628,
        456.145097,
        449.269383,
        444.293168,
        434.767724,
        429.383914,
        423.780971,
        420.793819,
        413.367744,
        407.799238,
        402.685812,
        219.513795
    ],
    "total_training_time_sec": null,
    "total_validation_time_sec": null
}