{
    "test": {
        "app": {
            "N": [
                [
                    30,
                    0.9072990803519885
                ]
            ],
            "racc": [
                [
                    30,
                    0.9072990803519885
                ]
            ],
            "r2": [
                [
                    30,
                    0.41353229932005164
                ]
            ]
        }
    }
}