N,racc,r2
0.9072990803519885,0.9072990803519885,0.41353229932005164
