{
    "train_epoch_times_sec": [
        1149.332701,
        999.444152,
        1182.794003,
        1185.131331,
        1036.023062,
        1156.162504,
        1185.095665,
        1100.906319,
        1105.829,
        1183.228974,
        1155.0867,
        1047.300465,
        1177.282139,
        1184.147108,
        999.689608,
        1175.854502,
        1190.398057,
        1001.886463,
        1175.911536,
        1177.209508,
        1104.289184,
        1110.559987,
        1174.910454,
        1156.03949,
        1046.233723,
        1177.498803,
        1182.028495,
        1005.203944,
        1174.212797,
        1186.79247
    ],
    "validation_epoch_times_sec": [
        167.236509,
        154.092287,
        166.393622,
        167.800696,
        130.168817,
        163.928073,
        165.914474,
        133.904901,
        165.860219,
        167.655042,
        137.771365,
        166.976932,
        165.643657,
        165.12825,
        164.978964,
        168.413749,
        169.169143,
        111.187882,
        161.725333,
        165.313901,
        134.766004,
        165.66602,
        164.749781,
        142.285441,
        165.636369,
        164.228052,
        168.823664,
        165.419398,
        168.652658,
        167.408834
    ],
    "total_training_time_sec": 33886.48314399999,
    "total_validation_time_sec": 4766.900037
}